100,4,18kt White Gold Plated Swarovski Element Ring RSE43,168,21.5
101,6,Makeup Brushes – 32 Piece,74,12.25
102,9,Hair Renew Shmpoo,111,53.25
103,6,Women Cosmetics & Makeup Bag Organizer Hanger - Black,294,146.75
104,4,Oppule Allese Bangle 21Kt Gold Plated,206,30.5
105,4,18kt Gold Plated Jewellery Box Design-02,166,94.75
106,2,Tucano BPCOSH-MENDINI Compatto Pop Shopper - Black,458,48
107,6,Diana of London Face Illuminator Makeup Base,485,85.75
108,3,Gucci Cat-Eye Acetate Sunglasses Yellow Lens,430,14.5
109,10,Safty Latex Examination Gloves,429,69.75
110,4,18kt White Gold Plated Swarovski Element Ring RSE45,102,125.5
111,4,18kt White Gold Plated Swarovski Element Ring RSE47,456,143
112,2,Black Dolce Clutch By 850 Grams,69,48
113,10,Hemani Insta Safe Hand Sanitizer Spray 120ml,86,53
114,9,Hairskin & Nails Tab Natures Bounty,195,144.25
115,3,Aviator Black Sunglasses With Gucci Stripe,414,13.5
116,7,Brown Bree Shoe By 850 Grams,467,55.25
117,7,Night Glow Sneaker Shoes White-F58-62,427,71.25
118,2,Bentley Continental Weekender,316,14.75
119,8,Burberry The Beat For Men 50ML,270,143.5
120,10,GL Safety Mask,172,46.5
121,8,Aiteli Pantano Dashboard PerfumesYellow,106,37
122,2,Black Shruti Handbag By 850 Grams,459,31.75
123,8,Aiteli Pantano Dashboard PerfumesRed,128,132.25
124,1,Apple Watch Series 5 MWVF2 44mm Space Gray Aluminum Case with Spor,240,57.5
125,6,Glamorous Face Reflect Makeup Kit,299,109.5
126,9,Hairperfact Hair Treatment Shampoo,240,29
127,9,Hairpro Spary,432,145.25
128,9,Hairgenes Hair Oil 200ml,99,41
129,4,Hot Movie Jewelry Batman Superman Spaceship Fight Plane Model ,305,121.5
130,5,Cool & Cool Nail Polish Removing Wipes Sunflower 5s(Acetone Free),366,102.75
131,3,Gucci Aviator Sunglasses With Enamel Web Khaki Lens,20,131.25
132,3,Gucci Mask Sunglasses Green Lens,341,27.5
133,6,Christine Dual Action Cake Makeup (6 Shades) (Pack Of 5),315,74.5
134,8,Nike Pink Woman EdT 100 ml,342,43.25
135,4,GWTS Game Jewelry Keychain Playerunknowns Battlegrounds ,44,35.25
136,9,Hairstabil Tonic,447,133.25
137,1,Mens Watch 740 By Kademan,123,16.75
138,6,Glamorous Face Tweety Makeup Kit,433,148.25
139,7,Lace Up Sneaker Shoes Black-F41-45,158,102.25
140,5,Dazz Matazz Nail Express Nail Polish (43 Shades),413,80.25
141,5,DMGM Studio Color Nail Color - Atlantis - E24,328,109.25
142,1,Lenovo Watch X Plus Bluetooth Waterproof Smartwatch Black,497,126.75
143,1,Ladies Watch 750 By BWC,366,26.75
144,7,Night Glow Sneaker Shoes Black-F51-57,403,19.25
145,9,Hairrefine Lotion,321,55.25
146,2,Brown Gigi Handbag By 850 Grams,492,133
147,5,Tweezerman Nail Rescue Kit - Travel Size,68,60
148,5,Glamorous Face Nail Remover Tissues,487,25.75
149,10,Beurer Spare bulb for Infrared lamp with 100 watt,198,29.25
150,7,Lace Up Sneaker ShoesWhite&Orange-F46-50,44,89.25
151,7,4 wheels Skatting Shoes,137,107.25
152,7,Black Magneto Shoe By 850 Grams,52,82
153,9,Hairgro Tab,35,122.75
154,1,Apple Watch Nike Sports Band 42mm,342,97
155,3,Bentley Classic Aviator Sunglasses,422,61.75
156,10,Body safe Woven protection suit - Washable - Export Grade (Blue Strip),362,139.5
157,10,Coronavirus Safety Pack (Mask + Pair of Gloves + Sanitizer),70,91
158,6,Ez Makeup 3x Magnification Glasses,384,89.25
159,4,22kt Gold Plated Ruby Color Zircons Locket+Earrings,244,22
160,8,Jimmy Choo EDT For Men 50ML,223,122.75
161,1,Mens Watch 739 By Kademan,351,83.25
162,5,Dazz Matazz Nail Sensation NailPolish (30 Shades),38,14.75
163,3,Gucci Mask Sunglasses Yellow Lens,289,15.25
164,1,Smart Watch Ms With Heart Rate,259,62.5
165,3,Gucci Navigator Yellow Lens Sunglasses With Double G,416,127.75
166,6,MAKEUP ERASER The Original MakeUp Eraser Makeup Remover ,198,15.25
167,4,18kt White Gold Plated Swarovski Element Ring RSE31,449,60
168,7,Brown Formal Shoes For Men FS01-02,358,147.5
169,1,Ladies Watch 752 By Kademan,149,130.75
170,8,Hemani Bakhoor Danat Ul Dunya,170,95.5
171,6,360 Rotating Makeup Organizer,209,93
172,8,Burberry London EDT For Men 100ml,431,128.25
173,8,Dkny Men Energzing Edt 100ml,28,96.75
174,5,Nail Art Drill Kit,455,70.5
175,2,Brown Nyala Handbag By 850 Grams,208,135.25
176,10,GL Petersafe Safety Glasses,457,66.75
177,5,Color Coat Nail Lacquer (49 Shades),314,121
178,2,Black Miriam Clutch By 850 Grams,377,53.5
179,9,Hair Strength Follicle Therapy Spary,430,60.5
180,10,Hemani Saffron Oil 30ml,310,117
181,5,Nail & Cuticle Care Kit Manicure & Pedicure Set,269,139.5
182,3,Bentley Classic Round Sunglasses,405,124.75
183,3,Gucci Aviator Sunglasses With Enamel Web Grey Lens,367,57.75
184,1,Ladies Watch 749 By Kademan,121,15.75
185,5,Beurer MPE 38 UV Nail Dryer With Warranty,78,42
186,7,Brown Ming Shoe By 850 Grams,466,65
187,10,Clinzol Hand & Surface Sanitizer Spray 150ml,63,16.5
188,6,Color Institute Light Base Mousse Makeup (6 Shades),255,110
189,2,Black Gigi Handbag By 850 Grams,281,108.25
190,8,Hemani Bakhoor Hunadi,418,139
191,4,18kt Gold Plated Jewellery Set (Bracelet + Necklace) -,458,132
192,9,Hairsoft Cap,125,32.5
193,10,Hemani Insta Safe Luxury Hand Wash 500ml,74,146.75
194,2,White Accent Wallet By 850 Grams,479,76.5
195,8,Burberry Brit EDT For Men 100ml,28,125.25
196,2,Pink Accent Wallet By 850 Grams,161,11.25
197,3,Gucci Rectangular Sunglasses Dark Brown Lens,472,74.75
198,7,In Line Skatting shoes,415,27.75
199,1,Mens Watch with Leather Strap 716 By BWC,73,42.75
